1;Le miroir de marie;2;Sat Apr 08 12:00:00 CEST 2023;Sat Apr 08 12:00:00 CEST 2023;
1;Le miroir de marie;2;Sat Apr 08 12:00:00 CEST 2023;Sat Apr 08 12:00:00 CEST 2023;
1;Le miroir de marie;2;Sat Apr 08 12:00:00 CEST 2023;Mon Apr 08 12:00:00 CEST 2024;
1;Le miroir de marie;2;Fri Apr 08 12:00:00 CEST 2022;Sat Apr 08 12:00:00 CEST 2023;
1;Le miroir de marie;2;Fri Apr 08 12:00:00 CEST 2022;Sat Apr 08 12:00:00 CEST 2023;
1;Le miroir de marie;2;Mon Apr 08 12:00:00 CEST 2024;Sat Apr 08 12:00:00 CEST 2023;
1;La cabanne ancestrale;1;Mon Apr 08 12:00:00 CEST 2024;Sat Apr 08 12:00:00 CEST 2023;
2;Le miroir de marie;2;Mon Apr 08 12:00:00 CEST 2024;Sat Apr 08 12:00:00 CEST 2023;
1;Ada Lovelace;42;Mon Apr 08 12:00:00 CEST 2024;Sat Apr 08 12:00:00 CEST 2023;
1;Le miroir de marie;2;Fri Apr 08 12:00:00 CEST 2022;Sat Apr 08 12:00:00 CEST 2023;
1;Ada Lovelace;42;Fri Apr 08 12:00:00 CEST 2022;Sat Apr 08 12:00:00 CEST 2023;
1;Le miroir de marie;2;Mon Apr 08 12:00:00 CEST 2024;Sat Apr 08 12:00:00 CEST 2023;
1;Ada Lovelace;42;Fri Apr 08 12:00:00 CEST 2022;Sat Apr 08 12:00:00 CEST 2023;
1;Le miroir de marie;2;Fri Apr 08 12:00:00 CEST 2022;Sat Apr 08 12:00:00 CEST 2023;
1;Ada Lovelace;42;Fri Apr 08 12:00:00 CEST 2022;Sat Apr 08 12:00:00 CEST 2023;
1;Le miroir de marie;2;Fri Apr 08 12:00:00 CEST 2022;Sat Apr 08 12:00:00 CEST 2023;
1;Ada Lovelace;42;Fri Apr 08 12:00:00 CEST 2022;Sat Apr 08 12:00:00 CEST 2023;
1;Ada Lovelace;42;Fri Apr 08 12:00:00 CEST 2022;Sat Apr 08 12:00:00 CEST 2023;
1;Le miroir de marie;2;Fri Apr 08 12:00:00 CEST 2022;Sat Apr 08 12:00:00 CEST 2023;
1;Le miroir de marie;2;Fri Apr 08 12:00:00 CEST 2022;Sat Apr 08 12:00:00 CEST 2023;
1;Ada Lovelace;42;Fri Apr 08 12:00:00 CEST 2022;Sat Apr 08 12:00:00 CEST 2023;
1;Le miroir de marie;2;Fri Apr 08 12:00:00 CEST 2022;Sat Apr 08 12:00:00 CEST 2023;
1;Ada Lovelace;42;Fri Apr 08 12:00:00 CEST 2022;Sat Apr 08 12:00:00 CEST 2023;
1;Le miroir de marie;2;Fri Apr 08 12:00:00 CEST 2022;Sat Apr 08 12:00:00 CEST 2023;
1;Ada Lovelace;42;Fri Apr 08 12:00:00 CEST 2022;Sat Apr 08 12:00:00 CEST 2023;
1;Le miroir de marie;2;Fri Apr 08 12:00:00 CEST 2022;Sat Apr 08 12:00:00 CEST 2023;
1;Ada Lovelace;42;Fri Apr 08 12:00:00 CEST 2022;Sat Apr 08 12:00:00 CEST 2023;
1;Ada Lovelace;42;Fri Apr 08 12:00:00 CEST 2022;Sat Apr 08 12:00:00 CEST 2023;
1;Ada Lovelace;42;Fri Apr 08 12:00:00 CEST 2022;Sat Apr 08 12:00:00 CEST 2023;
1;Ada Lovelace;42;Fri Apr 08 12:00:00 CEST 2022;Sat Apr 08 12:00:00 CEST 2023;
1;Ada Lovelace;42;Fri Apr 08 12:00:00 CEST 2022;Sat Apr 08 12:00:00 CEST 2023;
1;Ada Lovelace;42;Fri Apr 08 12:00:00 CEST 2022;Sat Apr 08 12:00:00 CEST 2023;
1;Le miroir de marie;2;Fri Apr 08 12:00:00 CEST 2022;Sat Apr 08 12:00:00 CEST 2023;
1;Ada Lovelace;42;Fri Apr 08 12:00:00 CEST 2022;Sat Apr 08 12:00:00 CEST 2023;
1;Le miroir de marie;2;Fri Apr 08 12:00:00 CEST 2022;Sat Apr 08 12:00:00 CEST 2023;
1;Ada Lovelace;42;Fri Apr 08 12:00:00 CEST 2022;Sat Apr 08 12:00:00 CEST 2023;
1;Le miroir de marie;2;Fri Apr 08 12:00:00 CEST 2022;Sat Apr 08 12:00:00 CEST 2023;
1;Ada Lovelace;42;Fri Apr 08 12:00:00 CEST 2022;Sat Apr 08 12:00:00 CEST 2023;
